config,run,jobs_per_sec,p50_ms,p99_ms,queue_depth_samples
A_conc1_FULL,1,149.026,,,399025;398878;398722;398585;398450;398299;398137;398000;397862;397722;397567;397415;397253;397091;396930;396779;396611;396442;396283;396144;395985;395849;395695;395545;395397;395245;395112;394959;394818;394686;394546
A_conc2_FULL,1,149.983,,,399030;398875;398725;398577;398428;398288;398144;398008;397861;397705;397548;397387;397224;397094;396972;396828;396673;396529;396380;396230;396077;395926;395772;395629;395469;395285;395149;394998;394837;394694;394526
A_conc4_FULL,1,147.213,,,399021;398869;398736;398573;398418;398256;398100;397946;397802;397665;397527;397375;397238;397097;396956;396811;396652;396494;396341;396179;396045;395901;395758;395623;395475;395345;395190;395037;394895;394748;394601
A_conc8_FULL,1,152.669,,,399038;398879;398727;398569;398415;398271;398126;397972;397821;397692;397552;397395;397236;397088;396936;396779;396615;396468;396308;396162;395989;395830;395673;395529;395376;395234;395095;394939;394764;394603;394452
A_conc16_FULL,1,151.468,,,399004;398844;398697;398547;398406;398246;398089;397921;397751;397613;397459;397293;397136;396976;396816;396674;396516;396375;396227;396076;395927;395764;395621;395467;395324;395182;395036;394894;394751;394610;394461
A_conc32_FULL,1,151.833,,,399020;398861;398701;398553;398390;398233;398086;397943;397784;397622;397442;397286;397145;397000;396866;396711;396568;396428;396282;396144;396006;395846;395687;395528;395380;395228;395076;394924;394787;394645;394465
A_conc1_NORMAL,1,1669.799,,,389017;387442;385318;383411;381814;380252;378206;376811;375020;372818;371144;369740;368629;367039;364891;363324;361298;359149;357534;356088;354997;353600;352441;351441;349451;347900;346518;344771;342382;340555;338934
A_conc2_NORMAL,1,1168.864,,,390991;389851;388609;387280;386023;384993;383905;382606;381529;380396;379414;378325;377238;376127;375044;374004;372732;371622;370511;369245;368024;366835;365612;364132;362851;361678;360485;359413;358483;357153;355897
A_conc4_NORMAL,1,1744.841,,,389582;387991;386174;384771;383131;381635;380013;378286;376317;374608;372848;371156;369544;367779;365692;363503;361462;359426;357761;356198;354480;352654;351060;349438;347683;345901;344339;342508;340784;338970;337272
A_conc8_NORMAL,1,1976.239,,,387343;385270;383135;381029;379132;377430;375290;373284;371293;369263;367440;365516;363683;362115;360364;358503;356449;354109;351858;349682;347528;345740;343686;341922;340154;338232;336062;333976;331972;330003;328056
A_conc16_NORMAL,1,2219.997,,,384953;382470;379856;377665;375415;373184;370610;368577;366563;364512;362843;361564;359830;357602;355235;353226;351125;348654;346429;344360;342172;339960;337505;334809;332232;329963;327864;325458;323338;320750;318316
A_conc32_NORMAL,1,2674.648,,,382389;379850;377849;375466;372732;370128;367638;365287;362579;359688;356667;353739;351268;348577;345744;342793;340100;337296;334897;332259;329483;326761;324236;321215;318253;315564;313057;310234;307573;304873;302128
A_conc1_FULL,2,143.645,,,399078;398928;398790;398640;398479;398341;398198;398054;397894;397755;397613;397459;397314;397173;397026;396889;396742;396615;396486;396336;396192;396045;395896;395747;395606;395465;395327;395189;395054;394918;394767
A_conc2_FULL,2,140.992,,,399107;398959;398827;398688;398557;398426;398266;398128;397992;397859;397728;397580;397437;397284;397137;396992;396855;396714;396573;396428;396292;396142;395996;395847;395723;395592;395453;395311;395175;395017;394879
A_conc4_FULL,2,151.825,,,399054;398927;398785;398645;398501;398353;398205;398053;397928;397788;397650;397452;397316;397177;397026;396868;396716;396558;396405;396261;396109;395934;395757;395579;395427;395270;395103;394959;394811;394653;394502
A_conc8_FULL,2,150.601,,,399018;398880;398724;398565;398392;398227;398067;397916;397784;397639;397503;397341;397188;397039;396871;396715;396578;396447;396307;396157;396020;395867;395729;395591;395443;395306;395154;395000;394849;394682;394503
A_conc16_FULL,2,149.820,,,399101;398943;398811;398671;398532;398382;398226;398070;397934;397775;397632;397475;397331;397183;397032;396855;396698;396544;396400;396238;396103;395951;395797;395651;395503;395336;395196;395041;394902;394749;394615
A_conc32_FULL,2,151.762,,,399009;398827;398651;398490;398344;398168;398015;397871;397728;397589;397451;397305;397154;397005;396856;396716;396574;396414;396261;396105;395951;395788;395642;395460;395314;395166;395013;394865;394738;394597;394449
A_conc1_NORMAL,2,1676.422,,,388631;386869;385223;383479;381681;379394;377692;375882;374194;372304;370416;368586;367259;365486;363509;361904;360485;358938;357109;355183;353437;351666;350525;348566;346410;344777;343559;342580;341217;339794;338331
A_conc2_NORMAL,2,1327.700,,,391615;390362;389004;387657;386393;385177;384012;382834;381630;380576;379358;378329;377257;376065;374782;373526;372147;370672;369095;367786;366377;365113;363865;362418;361144;359576;358037;356349;354833;353411;351788
A_conc4_NORMAL,2,1864.659,,,388489;386539;384300;382181;380151;378313;376610;374910;372994;371310;369580;368036;366519;364637;363003;361221;359320;357173;354859;352781;350552;348628;346905;344957;343100;341445;339642;337785;336100;334269;332435
A_conc8_NORMAL,2,2325.279,,,384236;381578;378830;376513;374682;372516;370421;367830;365765;363052;360173;357707;355190;352447;349969;347560;345165;343002;340750;338653;336736;334916;332874;330878;328693;326379;324075;321931;319642;316912;314425
A_conc16_NORMAL,2,2344.772,,,383951;381455;379104;377186;374900;372541;369984;367680;365436;362899;360764;358489;356260;353692;351215;348688;346149;343439;341200;338817;336448;334057;331531;329247;326998;324774;322957;320946;318377;315845;313582
A_conc32_NORMAL,2,2768.573,,,380628;377904;374694;371800;368793;365996;362857;359645;356506;353200;349870;347024;343568;340448;337551;334630;331613;329167;326897;324290;322054;319880;317412;315152;312807;310192;307583;304996;302478;299952;297546
A_conc1_FULL,3,155.205,,,399015;398859;398712;398564;398413;398269;398114;397953;397804;397645;397490;397328;397178;397025;396856;396699;396536;396380;396245;396102;395946;395793;395639;395477;395311;395154;394997;394836;394676;394523;394364
A_conc2_FULL,3,144.772,,,399031;398875;398730;398565;398427;398275;398136;397997;397845;397689;397521;397368;397236;397090;396961;396834;396699;396570;396435;396284;396138;395995;395861;395701;395564;395425;395278;395138;395000;394837;394693
A_conc4_FULL,3,151.532,,,398994;398832;398664;398518;398350;398197;398036;397875;397719;397567;397413;397257;397112;396956;396804;396656;396514;396366;396226;396088;395943;395800;395637;395474;395331;395189;395044;394885;394746;394591;394439
A_conc8_FULL,3,151.433,,,399120;398970;398836;398669;398506;398349;398215;398067;397911;397743;397584;397414;397261;397112;396958;396799;396647;396491;396338;396169;396022;395861;395714;395567;395408;395256;395125;394989;394853;394721;394582
A_conc16_FULL,3,148.965,,,399004;398841;398681;398525;398390;398214;398062;397917;397768;397611;397465;397306;397148;397002;396849;396695;396548;396416;396273;396146;396012;395867;395736;395603;395453;395319;395180;395023;394870;394713;394528
A_conc32_FULL,3,152.254,,,399051;398898;398734;398575;398413;398261;398105;397968;397795;397649;397501;397361;397197;397051;396913;396768;396627;396484;396342;396198;396048;395882;395734;395597;395450;395289;395134;394981;394828;394655;394477
A_conc1_NORMAL,3,1488.409,,,388868;387014;385849;384814;383873;382864;381608;380437;379077;377694;376137;374691;373173;371506;369925;368456;366787;365466;364006;362227;360680;359111;357160;355798;354028;352293;350746;348969;347333;345574;344190
A_conc2_NORMAL,3,1410.312,,,390659;389316;388143;386597;385235;383814;382188;380547;379238;377700;376017;374375;373123;371831;370198;368881;367491;365824;364524;363084;361468;360110;358568;357207;355734;354434;352828;351664;350719;349602;348328
A_conc4_NORMAL,3,1858.353,,,387133;385231;383447;381906;379823;377821;375969;374106;372204;370161;368065;366173;364193;362160;359998;357886;355704;353832;351768;349894;347945;346190;344484;342555;340584;338986;337562;335905;334530;333113;331429
A_conc8_NORMAL,3,2403.887,,,385166;383102;380694;378113;375757;373324;370829;368444;365912;363335;360996;358969;356743;354406;352472;350202;347326;344523;341478;338534;336027;333891;331719;329133;326641;324139;322025;319786;317594;315238;312994
A_conc16_NORMAL,3,2695.145,,,381795;379168;376238;373980;371793;369295;366806;364293;361303;358326;355465;352667;349806;347276;344417;341466;338483;335416;332642;329962;327414;324986;322167;319440;316897;314370;311624;308775;306160;303523;300907
A_conc32_NORMAL,3,2939.295,,,381402;378493;375548;372718;369892;367096;364048;361058;358017;355036;351981;349127;346191;342949;339628;336454;333342;330525;327512;324492;321394;318838;316119;313349;310363;307462;304487;301542;298601;295958;293224
B_conc8_FULL,1,100.033,7.136,944.792,3;2;2;3;3;3;3;4;4;4;2;2;4;3;3;6;1;2;3;1;1;2;3;2;2;3;3;2;4;4;3
B_conc8_NORMAL,1,1496.300,1.660,34.878,3;1;3;2;4;3;2;3;3;2;5;1;3;1;2;1;3;2;2;1;4;1;2;1;0;3;3;3;5;4;1
B_conc8_FULL,2,116.833,5.768,1036.924,3;1;3;4;3;2;4;4;4;4;2;3;1;3;3;5;2;4;2;3;4;4;3;4;2;2;3;2;3;2;3
B_conc8_NORMAL,2,1984.267,0.902,33.972,1;4;3;3;4;3;4;3;3;1;4;4;7;3;4;3;5;4;6;7;5;5;4;4;3;6;6;3;2;5;2
B_conc8_FULL,3,117.633,5.883,1037.723,4;3;1;1;4;3;4;2;2;3;2;1;1;4;2;3;4;3;1;3;4;4;0;2;2;4;5;4;2;2;2
B_conc8_NORMAL,3,2028.167,0.839,27.901,3;4;6;3;2;3;2;4;4;4;4;4;4;2;1;4;1;1;2;1;4;2;1;3;5;3;2;2;3;4;1
